Type;Code;Description;Query;Error
0;0;Echo Reply;1;0
3;0;Network Unreachable;0;1
3;1;Host Unreachable;0;1
3;2;Protocol Unreachable;0;1
3;3;Port Unreachable;0;1
3;4;Fragmentation needed but no frag. bit set;0;1
3;5;Source routing failed;0;1
3;6;Destination network unknown;0;1
3;7;Destination host unknown;0;1
3;8;Source host isolated (obsolete);0;1
3;9;Destination network administratively prohibited;0;1
3;10;Destination host administratively prohibited;0;1
3;11;Network unreachable for TOS;0;1
3;12;Host unreachable for TOS;0;1
3;13;Communication administratively prohibited by filtering;0;1
3;14;Host precedence violation;0;1
3;15;Precedence cutoff in effect;0;1
4;0;Source quench;0;0
5;0;Redirect for network;0;0
5;1;Redirect for host;0;0
5;2;Redirect for TOS and network;0;0
5;3;Redirect for TOS and host;0;0
8;0;Echo request;1;0
9;0;Router advertisement;0;0
10;0;Route solicitation;0;0
11;0;TTL equals 0 during transit;0;1
11;1;TTL equals 0 during reassembly;0;1
12;0;IP header bad (catchall error);0;1
12;1;Required options missing;0;1
13;0;Timestamp request (obsolete);1;0
14;0;Timestamp reply (obsolete);1;0
15;0;Information request (obsolete);1;0
16;0;Information reply (obsolete);1;0
17;0;Address mask request;1;0
18;0;Address mask reply;1;0
